Science,,,,,
,Physical Sciences,,,,
,,Basic Physical Sciences,,,
,,,Nature of Science,,
,,,Scientific Induction and Theory,,
,,,"Matter, Mass, and Volume",,
,,,Physical Properties of Matter,,
,,,Chemical Properties of Matter,,
,,,Physical Change,,
,,,"Mixtures, Elements, and Compounds",,
,,,,,
,,"Energy, Matter, and Motion",,,
,,,Properties of Light,,
,,,Electricity and Magnetism,,
,,,"Motion, Velocity, Force",,
,,,Properties of Waves,,
,,,The Elements,,
,,,Atoms and Molecules,,
,,,Chemical Reactions,,
,,Chemistry,,,
,,,Atoms and Elements,,
,,,Molecular Structures,,
,,,Ionic and Molecular Compounds,,
,,,Chemical Quantities and Reactions,,
,,,Solids and Liquids,,
,,,Gases and Solutions,,
,,,Chemical Bonding,,
,,,"Acids, Bases and pH",,
,,,Nuclear Chemistry,,
,,,Organic Chemistry,,
,,,Biochemistry,,
,,Physics,,,
,,,Forces and Interactions,,
,,,,Work and Energy,
,,,,Newton's Laws of Motion,
,,,,Linear Momentum,
,,,,Circular and Gravitational Motion,
,,,,Rotational Motion and Equilibrim,
,,,,Kinematics and Vectors,
,,,,Dynamics and Thermodynamics,
,,,Oscillations and Waves,,
,,,,,
,,,,Sound Waves,
,,,,Light Waves,
,,,,,Reflection and Refraction
,,,,,Interference and Diffraction
,,,"Electiric Fields, Charges, Currents",,
,,,,Magnetism and Electromagnetism,
,,,Quantum Physics,,
,,,Atomic Physics,,
,,,Nuclear Physics,,
,,,Relativity,,
,Life Sciences,,,,
,,Cells,,,
,,,Cell Structure and Function,,
,,,"Cell Division, Reproduction, and DNA",,
,,,"Genetics, Heredity, and Inheritance",,
,,,Cell Theory,,
,,Organisms,,,
,,,Prokaryotes,,
,,,Protists and Fungi,,
,,,Plants,,
,,,Invertebrates,,
,,,"Fishes, Amphibians, and Reptiles",,
,,,Birds and Mammals,,
,,Anatomy and Physiology,,,
,,,"Skin, Bones,and Muscles",,
,,,Digestive System,,
,,,Cardiovascular System,,
,,,Reproductive System,,
,,,Nervous System,,
,,,Respiratory and Excretory Systems,,
,,,"Health, Disease, and Body's Defenses",,
,,Environment,,,
,,,Ecology and Ecosystems,,
,,Biological Evolution and Adaptation,,,
,,Biotechnology,,,
,Earth and Space Sciences,,,,
,,Earth's Systems,,,
,,,Geology and Earth Dynamics,,
,,,Water,,
,,,Weather and Climate,,
,,,Atmosphere,,
,,,Changing Biosphere,,
,,,,Natural Changes,
,,,,Effects of Human Impacts,
,,Earth's Place in Space,,,
,,,History of the Earth,,
,,,Our Solar System,,
,,,The Universe and Stars,,
,,,Space Exploration,,
,,,,,
,Scientific Investigation and Application,,,,
,,Scientific Process,,,
,,Experimentation,,,
,,Research and Innovation,,,
,,Discoveries and People in Science,,,